y,y+,Umean,dUmean/dy,Wmean,Pmean,dissip,produc,R_uu,R_vv,R_ww,R_uv,R_uw,R_vw,k
0.000000000000,0.000000000000,0.000000000000,1.000000000000,0.000000000000,0.000000000000,0.270540050860,0.000000000000,0.000000000000,0.000000000000,0.000000000000,0.000000000000,0.000000000000,0.000000000000,0.000000000000
0.000001217312,0.002428240185,0.002428238707,0.999998782676,0.000000985758,0.000000000000,0.270415654401,0.000000000015,0.000001102624,0.000000000000,0.000000492208,-0.000000000015,0.000000000344,0.000000000000,0.000000797416
0.000006086538,0.012141159539,0.012141122585,0.999993911628,0.000004928775,-0.000000000004,0.269920876052,0.000000001909,0.000027558531,0.000000000004,0.000012275397,-0.000000001909,0.000000008598,-0.000000000001,0.000019916966
0.000017042218,0.033995072903,0.033994782877,0.999982916347,0.000013800500,-0.000000000232,0.268823799518,0.000000042011,0.000215937020,0.000000000232,0.000095716596,-0.000000042011,0.000000067570,-0.000000000014,0.000155826924
0.000036518789,0.072846088201,0.072844750591,0.999963068719,0.000029572293,-0.000000004834,0.266927118330,0.000000415044,0.000990581492,0.000000004834,0.000435295177,-0.000000415059,0.000000311564,-0.000000000135,0.000712940752
0.000066950543,0.133550023690,0.133545467756,0.999930484294,0.000054215368,-0.000000053567,0.264094354170,0.000002573404,0.003324593183,0.000000053567,0.001441287435,-0.000002573581,0.000001053949,-0.000000000845,0.002382967092
0.000110771585,0.220962325200,0.220949442022,0.999877492786,0.000089700623,-0.000000390451,0.260274898654,0.000011757023,0.009083081461,0.000000390451,0.003861761866,-0.000011758453,0.000002911564,-0.000000003884,0.006472616889
0.000170415790,0.339937983389,0.339905367735,0.999786335907,0.000137998081,-0.000002106629,0.255518583812,0.000043293197,0.021444500998,0.000002106629,0.008879286085,-0.000043302408,0.000006975002,-0.000000014386,0.015162946856
0.000247099453,0.492903210814,0.492825986208,0.999619207367,0.000200089542,-0.000008875386,0.250051119565,0.000133756660,0.044953552319,0.000008875386,0.017993299196,-0.000133807486,0.000014886865,-0.000000044606,0.031477863451
0.000340821269,0.679855400585,0.679679681865,0.999303020872,0.000275965025,-0.000030304445,0.244185565396,0.000356128484,0.085238795480,0.000030304445,0.032743188671,-0.000356376535,0.000028824588,-0.000000118761,0.059006144298
0.000451579640,0.900791366597,0.900400955067,0.998707272571,0.000365601580,-0.000087237086,0.238156764811,0.000840447141,0.149088611672,0.000087237086,0.054582439787,-0.000841534228,0.000051609762,-0.000000279120,0.101879144272
0.000579372677,1.155707343578,1.154859055810,0.997619356862,0.000468951303,-0.000218659530,0.232078587153,0.001797623504,0.244357944111,0.000218659530,0.084716569634,-0.001801911550,0.000086767992,-0.000000592326,0.164646586638
0.000724198204,1.444598987158,1.442807479392,0.995719287405,0.000585922707,-0.000489238079,0.225922797429,0.003542299371,0.379765160058,0.000489238079,0.123974705190,-0.003557524890,0.000138547864,-0.000001154980,0.252114551664
0.000886053752,1.767461373939,1.763809898431,0.992559975339,0.000716354232,-0.000996023992,0.219532040830,0.006506730191,0.564488876276,0.000996023992,0.172728010058,-0.006555497461,0.000211849410,-0.000002096949,0.369106455163
0.001064936563,2.124289001585,2.117141328469,0.987561755928,0.000859979650,-0.001872760334,0.212677718693,0.011234049463,0.807470798563,0.001872760334,0.230862646608,-0.011375531367,0.000311998304,-0.000003580202,0.520103102753
0.001260843588,2.515075788909,2.501669244974,0.980030394315,0.001016386759,-0.003290566580,0.205158788440,0.018338245335,1.116377140099,0.003290566580,0.297808506890,-0.018711899232,0.000444316542,-0.000005790513,0.708738106784
0.001473771488,2.939815075981,2.915727280937,0.969204720010,0.001184972945,-0.005454472058,0.196913270867,0.028422731811,1.496280071678,0.005454472058,0.372617552559,-0.029325805378,0.000613502025,-0.000008920543,0.937176048147
0.001703716635,3.398499624239,3.357001883154,0.954333099168,0.001364903714,-0.008596102801,0.188097138584,0.041961016068,1.948267367701,0.008596102801,0.454078045826,-0.043968907780,0.000822919812,-0.000013146516,1.205470758164
0.001950675109,3.891121616615,3.822456823807,0.934769052364,0.001555082012,-0.012963541711,0.179091052623,0.059159421201,2.468309618425,0.012963541711,0.540845037832,-0.063287694947,0.001073962576,-0.000018606312,1.511059098984
0.002214642703,4.417672657667,4.308319093210,0.910068845929,0.001754136163,-0.018809779398,0.170424458152,0.079836656534,3.046737815978,0.018809779398,0.631565343270,-0.087725893748,0.001365596785,-0.000025390622,1.848556469323
0.002495614917,4.978143773719,4.810141593020,0.880070989817,0.001960431687,-0.026381175143,0.162643250378,0.103359983335,3.668573813834,0.026381175143,0.724977994996,-0.117444979088,0.001694116204,-0.000033554395,2.209966491986
0.002793586963,5.572525413020,5.322944809228,0.844940611481,0.002172108065,-0.035907011576,0.156171073529,0.128667472777,4.314740553461,0.035907011576,0.819978114729,-0.152279813903,0.002053103060,-0.000043142589,2.585312839883
0.003108553762,6.200807445902,5.841424806966,0.805169586314,0.002387137104,-0.047590709284,0.151213356811,0.154382113102,4.963940262553,0.047590709284,0.915641071062,-0.191738529003,0.002433667207,-0.000054213397,2.963586021450
0.003440509948,6.862979164955,6.360202535725,0.761533274857,0.002603396035,-0.061602761894,0.147730735382,0.178995269197,5.594819739545,0.061602761894,1.011212211065,-0.235045780901,0.002825065744,-0.000066847263,3.333817356252
0.003789449863,7.559029285207,6.874082677449,0.715013572811,0.002818746435,-0.078075120611,0.145478873700,0.201075973666,6.187998837856,0.078075120611,1.106073376244,-0.281219676012,0.003215714045,-0.000081147921,3.686073667355
0.004155367559,8.288945944320,7.378290333386,0.666703467164,0.003031109618,-0.097096677196,0.144089757279,0.219456983157,6.727620270193,0.097096677196,1.199699801545,-0.329167171486,0.003594403687,-0.000097248262,4.012208374467
0.004538256801,9.052716702789,7.868659977776,0.617709606864,0.003238530833,-0.118709639632,0.143162310063,0.233359324193,7.202238293413,0.118709639632,1.291619895146,-0.377781459723,0.003951377426,-0.000115316885,4.306283914095
0.004938111064,9.850328544155,8.341761136417,0.569067022948,0.003439229063,-0.142906856179,0.142336129482,0.242438132326,7.605036070579,0.142906856179,1.381386680333,-0.426027230361,0.004278983836,-0.000135549430,4.564664803545
0.005354923533,10.681767875227,8.794956422565,0.521675373946,0.003631634668,-0.169630382280,0.141335230312,0.246754859892,7.933493530691,0.169630382280,1.468564593685,-0.473004459868,0.004571939042,-0.000158142001,4.785844253328
0.005788687105,11.547020526315,9.226397385134,0.476260564520,0.003814418743,-0.198771692697,0.139981865966,0.246696799940,8.188694526308,0.198771692697,1.552730493970,-0.517986876169,0.004827468408,-0.000183249811,4.970098356487
0.006239394386,12.446071751469,9.634970464937,0.433360703444,0.003986514188,-0.230173876235,0.138188366504,0.242871055281,8.374467817464,0.230173876235,1.633484707012,-0.560436096503,0.005045494474,-0.000210913518,5.119063200355
0.006707037697,13.378906228731,10.020208645583,0.393331974741,0.004147122964,-0.263635938153,0.135936893775,0.235997612572,8.496520790418,0.263635938153,1.710466982371,-0.599995823227,0.005228597535,-0.000240934158,5.235311855471
0.007191609067,14.345508060398,10.382184461822,0.356368359018,0.004295700956,-0.298919054076,0.133255858459,0.226818589036,8.561670353339,0.298919054076,1.783372492409,-0.636472112606,0.005381344280,-0.000272735118,5.321980949912
0.007693100239,15.345860773289,10.721397841788,0.322529112758,0.004431917185,-0.335754365455,0.130199227471,0.216031931453,8.577221749074,0.335754365455,1.851963995671,-0.669805795764,0.005509183771,-0.000305328375,5.382470055100
0.008211502665,16.379947319031,11.038668938921,0.291768856281,0.004555598098,-0.373851744752,0.126831237892,0.204250587316,8.550505560353,0.373851744752,1.916078156839,-0.700042260591,0.005617368590,-0.000337492626,5.420217730972
0.008746807510,17.447750074345,11.335042485900,0.263966423944,0.004666676995,-0.412908901941,0.123216774454,0.191983498486,8.488557965959,0.412908901941,1.975625715764,-0.727302523815,0.005710339359,-0.000368102312,5.438546291832
0.009299005653,18.549250841350,11.611706874357,0.238950045087,0.004765165156,-0.452620232457,0.119416937354,0.179632667830,8.397918181994,0.452620232457,2.030586565193,-0.751758057775,0.005791787154,-0.000396348847,5.440562489822
0.009868087681,19.684430847868,11.869928578830,0.216517797892,0.004851150309,-0.492684904294,0.115487377442,0.167500476234,8.284517199264,0.492684904294,2.081002445015,-0.773610477662,0.005864417514,-0.000421622134,5.429102274287
0.010454043897,20.853270747750,12.111001025403,0.196453482432,0.004924819482,-0.532813836440,0.111477064399,0.155802550812,8.153633566195,0.532813836440,2.126970181553,-0.793075883403,0.005929358664,-0.000443237690,5.406708792094
0.011056864315,22.055750621202,12.336206445280,0.178538542078,0.004986498846,-0.572735380543,0.107427211057,0.144682849759,8.009892047645,0.572735380543,2.168635665451,-0.810373067154,0.005986932972,-0.000460451908,5.375631546820
0.011676538661,23.291849975126,12.546788967287,0.162560559417,0.005036684334,-0.612199644961,0.103372087472,0.134228690973,7.857284970466,0.612199644961,2.206185190643,-0.825714893286,0.006038458792,-0.000472880978,5.337834903035
0.012313056374,24.561547743466,12.743936987302,0.148318860305,0.005076018334,-0.650981502618,0.099341612220,0.124484376539,7.699206185971,0.650981502618,2.239833290256,-0.839302348347,0.006086144401,-0.000480960015,5.295010489422
0.012966406607,25.864822287574,12.928772833037,0.135627801535,0.005105199476,-0.688882393816,0.095362370033,0.115462808335,7.538496778490,0.688882393816,2.269810448507,-0.851321074152,0.006130564742,-0.000485989449,5.248594810407
0.013636578224,27.201651396570,13.102347909307,0.124318324374,0.005124876620,-0.725731066485,0.091457034243,0.107154920069,7.377497558643,0.725731066485,2.296353020858,-0.861939883939,0.006170936221,-0.000489740366,5.199790822993
0.014323559805,28.572012287727,13.265641707155,0.114238139393,0.005135587108,-0.761383411647,0.087645225165,0.099536887478,7.218101613968,0.761383411647,2.319694956312,-0.871310519053,0.006207065854,-0.000493835759,5.149589990964
0.015027339643,29.975881606859,13.419563139389,0.105250877939,0.005137770092,-0.795721577466,0.083943444073,0.092575353749,7.061810917566,0.795721577466,2.340061395841,-0.879568535057,0.006238779355,-0.000499440319,5.098796945437
0.015747905741,31.413235428713,13.564952887287,0.097234528130,0.005131864917,-0.828652577455,0.080364828135,0.086231004089,6.909794665782,0.828652577455,2.357664106657,-0.886835299994,0.006267248556,-0.000507274631,5.048055674947
0.016485245822,32.884049257384,13.702585766306,0.090079657264,0.005118461820,-0.860106564740,0.076919347972,0.080460969701,6.762942921261,0.860106564740,2.372698642439,-0.893220297912,0.006296909436,-0.000517409936,4.997874064220
0.017239347318,34.388298026729,13.833172961718,0.083688065061,0.005098417285,-0.890034865127,0.073613552473,0.075220722139,6.621912781154,0.890034865127,2.385344407644,-0.898822682972,0.006333223057,-0.000529261987,4.948646026963
0.018010197378,35.925956100794,13.957364721433,0.077972125386,0.005072804741,-0.918407839799,0.070451267628,0.070465895334,6.487164930804,0.918407839799,2.395768968275,-0.903731999382,0.006380285654,-0.000542433533,4.900670869439
0.018797782864,37.496997274252,14.075754222033,0.072854471696,0.005042692643,-0.945212674103,0.067433769107,0.066153897718,6.358995053681,0.945212674103,2.404132751966,-0.908028109401,0.006441266978,-0.000557176455,4.854170239875
0.019602090356,39.101394772848,14.188882293195,0.068267031550,0.005009015128,-0.970451268284,0.064560226545,0.062244564689,6.237560725701,0.970451268284,2.410586943779,-0.911780921714,0.006517651949,-0.000573589232,4.809299468882
0.020423106144,40.739121253858,14.297241429311,0.064149216142,0.004972628457,-0.994138334065,0.061829127749,0.058699801457,6.122900730073,0.994138334065,2.415271874879,-0.915051172263,0.006607404671,-0.000590593501,4.766155469508
0.021260816238,42.410148806552,14.401278437970,0.060446701887,0.004934358321,-1.016299599068,0.059237716467,0.055483575141,6.014956717616,1.016299599068,2.418320449902,-0.917892754306,0.006705602918,-0.000606273614,4.724788383293
0.022115206360,44.114448952673,14.501397460162,0.057111629119,0.004895028265,-1.036970047973,0.056781753667,0.052562889121,5.913596351899,1.036970047973,2.419859041587,-0.920353762415,0.006803942930,-0.000619374121,4.685212720729
0.022986261950,45.851992646916,14.597964144399,0.054102063024,0.004855431004,-1.056192282579,0.054456329622,0.049907869265,5.818628854189,1.056192282579,2.420007229357,-0.922476485183,0.006889929021,-0.000630044553,4.647414183062
0.023873968163,47.622750277434,14.691308654930,0.051380378038,0.004816255600,-1.074015064113,0.052256022933,0.047490830266,5.729824450878,1.074015064113,2.418875604388,-0.924299144927,0.006952612811,-0.000639110313,4.611357559689
0.024778309870,49.426691666330,14.781727497838,0.048912819472,0.004778068564,-1.090492074282,0.050174503369,0.045286239194,5.646933783797,1.090492074282,2.416564899757,-0.925856374925,0.006987975426,-0.000647355899,4.576995378918
0.025699271659,51.263786070180,14.869486131899,0.046669774888,0.004741315063,-1.105680846032,0.048204765783,0.043271184916,5.569686383981,1.105680846032,2.413171812869,-0.927177996205,0.006997327094,-0.000654572806,4.544269521441
0.026636837835,53.134002180555,14.954822226749,0.044625379254,0.004706391084,-1.119641830164,0.046341069980,0.041425233387,5.497785307389,1.119641830164,2.408789118064,-0.928288648567,0.006984047256,-0.000659212913,4.513108127809
0.027590992420,55.037308124553,15.037948349625,0.042756759072,0.004673711046,-1.132437520641,0.044578727299,0.039729963711,5.430923732196,1.132437520641,2.403501373577,-0.929208850397,0.006954680165,-0.000659561165,4.483431313207
0.028561719152,56.973671465342,15.119054098906,0.041043706471,0.004643737426,-1.144131516186,0.042911319181,0.038168853593,5.368803747982,1.144131516186,2.397391911101,-0.929956091804,0.006914793270,-0.000655201188,4.455163587634
0.029549001488,58.943059202715,15.198308486845,0.039468706962,0.004616900554,-1.154787656054,0.041332364493,0.036727430746,5.311129992488,1.154787656054,2.390543892713,-0.930545295068,0.006861075257,-0.000647144812,4.428230770627
0.030552822602,60.945437773651,15.275862781067,0.038016839204,0.004593291848,-1.164469361170,0.039837431696,0.035393279078,5.257601583188,1.164469361170,2.383031740093,-0.930989209152,0.006784656692,-0.000636327432,4.402551342226
0.031573165388,62.980773052887,15.351852981834,0.036675046142,0.004572650266,-1.173239008911,0.038420566997,0.034155476277,5.207922519832,1.173239008911,2.374920533518,-0.931299823396,0.006685229931,-0.000622236985,4.378041031131
0.032610012455,65.049030353502,15.426401052684,0.035431514107,0.004554751026,-1.181157305157,0.037077244816,0.033004118895,5.161802832654,1.181157305157,2.366264862212,-0.931490138080,0.006575645674,-0.000604362698,4.354612500012
0.033663346133,67.150174427501,15.499615666118,0.034275455907,0.004539658571,-1.188282818245,0.035802535820,0.031930123593,5.118965218433,1.188282818245,2.357120794931,-0.931573598857,0.006468242227,-0.000583061379,4.332184415804
0.034733148472,69.284169466426,15.571592531255,0.033196790122,0.004527630310,-1.194671773517,0.034591657248,0.030924901882,5.079150084292,1.194671773517,2.347551330004,-0.931562584465,0.006370638150,-0.000558598353,4.310686593906
0.035819401239,71.450979101957,15.642414554058,0.032186295860,0.004518729709,-1.200378008761,0.033440693662,0.029980536318,5.042129118231,1.200378008761,2.337612789713,-0.931468559418,0.006287641979,-0.000531202285,4.290059958352
0.036922085921,73.650566406539,15.712153509892,0.031236682365,0.004512537140,-1.205452925862,0.032345623800,0.029090818014,5.007698289632,1.205452925862,2.327353262025,-0.931302713247,0.006223022781,-0.000503249674,4.270252238759
0.038041183728,75.882893894005,15.780873999203,0.030342922413,0.004508395327,-1.209945425861,0.031303480159,0.028251495123,4.975649296414,1.209945425861,2.316817310502,-0.931073414092,0.006173806240,-0.000477429780,4.251206016388
0.039176675585,78.147923520220,15.848636223079,0.029500752268,0.004505955118,-1.213901762023,0.030311439814,0.027458875413,4.945770287443,1.213901762023,2.306047327175,-0.930785495521,0.006128103339,-0.000453967005,4.232859688321
0.040328542143,80.445616683726,15.915495916907,0.028705892214,0.004505188976,-1.217365372558,0.029366546900,0.026709166730,4.917859183017,1.217365372558,2.295082323945,-0.930441908234,0.006076858141,-0.000431774296,4.215153439760
0.041496763770,82.775934226403,15.981503666748,0.027953914451,0.004505838892,-1.220376811505,0.028465339765,0.025998391813,4.891733525126,1.220376811505,2.283960603794,-0.930044688547,0.006017750504,-0.000409645440,4.198035470212
0.042681320558,85.138836434131,16.046703870234,0.027240319193,0.004507200490,-1.222973835519,0.027604668859,0.025322507965,4.867237642254,1.222973835519,2.272716064377,-0.929596477352,0.005953088883,-0.000385951889,4.181463771075
0.043882192318,87.534283037475,16.111134852025,0.026561221891,0.004508509365,-1.225191558961,0.026782187852,0.024678047326,4.844237934652,1.225191558961,2.261378224115,-0.929100452920,0.005886870534,-0.000359702323,4.165403858863
0.045099358585,89.962233212362,16.174829776383,0.025913195599,0.004509291043,-1.227062554382,0.025995256198,0.024061936741,4.822608357020,1.227062554382,2.249977513757,-0.928559034980,0.005822095712,-0.000331868792,4.149824212580
0.046332798615,92.422645580785,16.237817156478,0.025293365323,0.004509588262,-1.228616985208,0.025241901415,0.023471603742,4.802221220497,1.228616985208,2.238541753081,-0.927974506113,0.005759475932,-0.000303491106,4.134689979393
0.047582491388,94.915478211502,16.300122926426,0.024700221912,0.004510046556,-1.229882696903,0.024520794033,0.022905699658,4.782943750737,1.229882696903,2.227095359400,-0.927347692449,0.005697375833,-0.000273708296,4.119960903520
0.048848415607,97.440688620755,16.361772754498,0.024132561166,0.004511657832,-1.230885173170,0.023830327578,0.022363100328,4.764652805530,1.230885173170,2.215654507124,-0.926677228374,0.005632653826,-0.000240138548,4.105596242912
0.050130549695,99.998233772990,16.422790788984,0.023588478218,0.004515420277,-1.231647622023,0.023168807467,0.021842077062,4.747246321939,1.231647622023,2.204226795824,-0.925963616407,0.005565967654,-0.000202298179,4.091560369893
0.051428871805,102.588070081594,16.483199557095,0.023066986802,0.004521968560,-1.232191236446,0.022534346926,0.021341782075,4.730631121458,1.232191236446,2.192818525584,-0.925208773587,0.005501316657,-0.000164129215,4.077820441744
0.052743359807,105.210153409637,16.543021960846,0.022567144828,0.004531388541,-1.232535488695,0.021925468559,0.020861360417,4.714717297494,1.232535488695,2.181441149139,-0.924412810187,0.005445455738,-0.000131438340,4.064346967664
0.054073991302,107.864439070622,16.602278532333,0.022086552412,0.004543495270,-1.232698373085,0.021340493841,0.020398615491,4.699423580235,1.232698373085,2.170114239582,-0.923576167630,0.005403031708,-0.000107335501,4.051118096451
0.055420743610,110.550881829250,16.660985286462,0.021623022398,0.004558001018,-1.232696524856,0.020777983019,0.019951573777,4.684679619946,1.232696524856,2.158855981546,-0.922700418933,0.005368999374,-0.000093253880,4.038116063174
0.056783593782,113.269435902186,16.719155194967,0.021175116074,0.004574651945,-1.232545294058,0.020237261629,0.019518994431,4.670424776919,1.232545294058,2.147675538967,-0.921789150436,0.005333871381,-0.000088907325,4.025322804972
0.058162518590,116.020054958846,16.776799884448,0.020742188005,0.004593506291,-1.232258779777,0.019717683456,0.019100368089,4.656611091313,1.232258779777,2.136586043552,-0.920846222302,0.005292102121,-0.000092663529,4.012727957321
0.059557494534,118.802692122180,16.833931567927,0.020323996298,0.004614627807,-1.231849694377,0.019217959202,0.018695494031,4.643198323106,1.231849694377,2.125612815407,-0.919872793049,0.005248242745,-0.000103989138,4.000330416444
0.060968497842,121.617299969476,16.890562496260,0.019919716295,0.004637821250,-1.231329294451,0.018736758549,0.018303600913,4.630147641858,1.231329294451,2.114770832015,-0.918868474941,0.005209062963,-0.000120603084,3.988123884162
0.062395504465,124.463830533164,16.946703352311,0.019528124754,0.004662707275,-1.230707742721,0.018273203338,0.017923568574,4.617428286643,1.230707742721,2.104062237485,-0.917833637000,0.005169674822,-0.000137355518,3.976099133425
0.063838490084,127.342235301637,17.002362277391,0.019147786055,0.004688646031,-1.229994419355,0.017826007633,0.017554124230,4.605014313324,1.229994419355,2.093489248781,-0.916770652539,0.005120653962,-0.000151233918,3.964248990730
0.065297430108,130.252465220076,17.057544664258,0.018777581438,0.004714966090,-1.229198141799,0.017394446328,0.017194291774,4.592863772824,1.229198141799,2.083046766643,-0.915682247380,0.005063360012,-0.000161720170,3.952554340633
0.066772299672,133.194470691285,17.112255248209,0.018417537569,0.004741227970,-1.228326942285,0.016978379414,0.016844100101,4.580928435902,1.228326942285,2.072717935714,-0.914568972862,0.005010557428,-0.000171132121,3.940986656951
0.068263073642,136.168201576539,17.166501202084,0.018068333126,0.004767211910,-1.227387663271,0.016577212191,0.016504135303,4.569164849162,1.227387663271,2.062492311586,-0.913429342893,0.004978027181,-0.000183002639,3.929522412009
0.069769726610,139.173607196437,17.220291382250,0.017729533641,0.004792827732,-1.226385942532,0.016190116849,0.016174002353,4.557535666040,1.226385942532,2.052368932931,-0.912263916063,0.004974539672,-0.000199756579,3.918145270752
0.071292232901,142.210636331763,17.273633635475,0.017400604473,0.004817705810,-1.225326539129,0.015816312886,0.015853256958,4.546014446874,1.225326539129,2.042346912461,-0.911075740308,0.004998688410,-0.000221376222,3.906843949232
0.072830566567,145.279237224366,17.326536057904,0.017081321600,0.004840963995,-1.224213718928,0.015455173711,0.015541695705,4.534579740139,1.224213718928,2.032425118397,-0.909865629891,0.005041295181,-0.000245884695,3.895609288732
0.074384701391,148.379357578033,17.379006134922,0.016771005341,0.004861693172,-1.223051345264,0.015105699471,0.015238681652,4.523210280501,1.223051345264,2.022604850723,-0.908633317128,0.005091180265,-0.000271142929,3.884433238244
0.075954610887,151.510944559389,17.431050446763,0.016469156071,0.004879319347,-1.221842888238,0.014767854816,0.014943744737,4.511879282300,1.221842888238,2.012883694878,-0.907378515921,0.005138656905,-0.000294505159,3.873302932708
0.077540268301,154.673944798791,17.482674514784,0.016175027003,0.004893514999,-1.220591553278,0.014441373387,0.014656220043,4.500562685565,1.220591553278,2.003273390386,-0.906102576286,0.005179687577,-0.000312712438,3.862213814614
0.079141646607,157.868304391240,17.533882642306,0.015888276421,0.004904223060,-1.219300322503,0.014126076592,0.014375784339,4.489242899044,1.219300322503,1.993797605726,-0.904805277611,0.005213428724,-0.000323652420,3.851170413636
0.080758718517,161.093968897299,17.584679640485,0.015608897752,0.004911575402,-1.217971960471,0.013821184204,0.014102379100,4.477919323591,1.217971960471,1.984469082327,-0.903483979877,0.005236039308,-0.000327888969,3.840180183194
0.082391456470,164.350883344024,17.635070189913,0.015336346805,0.004915874044,-1.216608879462,0.013526115622,0.013835453172,4.466591096987,1.216608879462,1.975286830161,-0.902135443945,0.005241264335,-0.000327566468,3.829243403305
0.084039832641,167.638992225895,17.685057510643,0.015070004424,0.004917729040,-1.215212833573,0.013240625608,0.013574421509,4.455251068188,1.215212833573,1.966240538142,-0.900758268003,0.005229298756,-0.000326100619,3.818352219951
0.085703818938,170.958239505767,17.734644801505,0.014810188952,0.004917750470,-1.213785094103,0.012964034480,0.013319589217,4.443899082474,1.213785094103,1.957317908371,-0.899353871224,0.005209107927,-0.000326784368,3.807501042474
0.087383387002,174.308568615822,17.783837617127,0.014557307045,0.004916322823,-1.212326897548,0.012695806642,0.013071345853,4.432526672369,1.212326897548,1.948515156456,-0.897924284407,0.005192127495,-0.000330076134,3.796684363186
0.089078508211,177.689922458535,17.832642544031,0.014311323193,0.004913891606,-1.210839584325,0.012435925551,0.012829652526,4.421111035288,1.210839584325,1.939829846940,-0.896469723298,0.005190385569,-0.000334180137,3.785890233277
0.090789153674,181.102243407645,17.881066969101,0.014072275394,0.004911118106,-1.209324540106,0.012184001693,0.012594506022,4.409625951849,1.209324540106,1.931247206221,-0.894988292771,0.005213091633,-0.000337579253,3.775098849088
0.092515294238,184.545473309141,17.929118167582,0.013839577166,0.004908684135,-1.207783038919,0.011939918927,0.012365370882,4.398061872819,1.207783038919,1.922741681741,-0.893479906805,0.005255459453,-0.000337292203,3.764293296739
0.094256900487,188.019553482247,17.976800809493,0.013612029376,0.004906747426,-1.206216485288,0.011703367691,0.012141195132,4.386426018720,1.206216485288,1.914306913078,-0.891946614264,0.005305371667,-0.000329567677,3.753474708543
0.096013942738,191.524424720428,18.024116179771,0.013388784661,0.004904942518,-1.204626681145,0.011473560345,0.011921277494,4.374723289973,1.204626681145,1.905948147901,-0.890393005518,0.005355625187,-0.000311452674,3.742649059510
0.097786391048,195.060027292395,18.071065108073,0.013170179508,0.004902900359,-1.203015484188,0.011250604914,0.011705945922,4.362950117668,1.203015484188,1.897655175905,-0.888821908535,0.005398021404,-0.000285331592,3.731810388881
0.099574215209,198.626300943125,18.117650889887,0.012956732364,0.004899945988,-1.201384497233,0.011034348308,0.011495629958,4.351113086145,1.201384497233,1.889413683084,-0.887231810096,0.005415841688,-0.000256115733,3.720955633231
0.101377384754,202.223184894889,18.163877977648,0.012748387530,0.004894682367,-1.199734815901,0.010824350882,0.011290270898,4.339218722624,1.199734815901,1.881214874951,-0.885622914311,0.005395084432,-0.000226715584,3.710084206738
0.103195868952,205.850617848282,18.209751727655,0.012545536219,0.004885479574,-1.198066889487,0.010620595109,0.011090228811,4.327259920699,1.198066889487,1.873058331172,-0.883997357068,0.005338760292,-0.000200785546,3.699192570679
0.105029636812,209.508537983277,18.255279273554,0.012348166171,0.004870983028,-1.196380972854,0.010422692589,0.010895482810,4.315235746678,1.196380972854,1.864953194890,-0.882355654714,0.005256940128,-0.000179143039,3.688284957211
0.106878657081,213.196882960268,18.300466431456,0.012155543940,0.004850198834,-1.194677351065,0.010230316882,0.010705391826,4.303159895824,1.194677351065,1.856906225910,-0.880699678540,0.005162375777,-0.000164171227,3.677371736400
0.108742898249,216.915589921143,18.345318305362,0.011967914744,0.004822567199,-1.192955952087,0.010043091160,0.010520194770,4.291048179619,1.192955952087,1.848924583595,-0.879032650946,0.005072637644,-0.000157318991,3.666464357650
0.110622328544,220.664595490346,18.389843036077,0.011786221598,0.004788020618,-1.191216206450,0.009861121997,0.010340707438,4.278894078407,1.191216206450,1.841013179769,-0.877355096134,0.005001216738,-0.000154150035,3.655561732313
0.112516915936,224.443835775963,18.434052759966,0.011611218230,0.004746682427,-1.189457296917,0.009684044547,0.010167509618,4.266668547760,1.189457296917,1.833177022838,-0.875662146201,0.004941781488,-0.000149495217,3.644651433757
0.114426628138,228.253246370809,18.477960490457,0.011442056708,0.004699025907,-1.187678368477,0.009512088495,0.009999760756,4.254351759722,1.187678368477,1.825414103681,-0.873947372040,0.004876201916,-0.000139624365,3.633722115940
0.116351432602,232.092762353525,18.521573994981,0.011276941540,0.004645756997,-1.185878649356,0.009344905451,0.009835844687,4.241954814190,1.185878649356,1.817724159306,-0.872207998554,0.004797011367,-0.000125485905,3.622778811426
0.118291296526,235.962318289685,18.564895216513,0.011114365158,0.004586766063,-1.184057691928,0.009182020681,0.009674432862,4.229490557214,1.184057691928,1.810114201710,-0.870443381008,0.004714603916,-0.000109240199,3.611831225426
0.120246186850,239.861848232913,18.607921131593,0.010953331569,0.004521392986,-1.182215454036,0.009022927418,0.009514661540,4.216955291681,1.182215454036,1.802580074567,-0.868653771273,0.004640523090,-0.000093217691,3.600875410142
0.122216070257,243.791285726001,18.650647951357,0.010794324576,0.004449209844,-1.180352321115,0.008868101680,0.009356958525,4.204334054137,1.180352321115,1.795094665607,-0.866839597028,0.004562760005,-0.000080593290,3.589890520430
0.124200913178,247.750563802051,18.693074817140,0.010637943071,0.004369726433,-1.178469227959,0.008717190999,0.009201837882,4.191631571321,1.178469227959,1.787651626242,-0.865000403347,0.004458703484,-0.000073870879,3.578876212761
0.126200681784,251.739614985607,18.735202624194,0.010484476907,0.004282167266,-1.176567488490,0.008569810027,0.009049558236,4.178852616691,1.176567488490,1.780268706630,-0.863137316227,0.004320419694,-0.000075500514,3.567844405905
0.128215341996,255.758371293810,18.777033353666,0.010333897223,0.004186014443,-1.174648318935,0.008426095259,0.008900138142,4.165982457814,1.174648318935,1.772962621863,-0.861255236693,0.004155145274,-0.000086759477,3.556796699306
0.130244859478,259.806764237556,18.818568301331,0.010186000133,0.004081442054,-1.172712597618,0.008286030611,0.008753452642,4.153014525032,1.172712597618,1.765735434763,-0.859359919951,0.003973334678,-0.000106762665,3.545731278707
0.132289199644,263.884724822662,18.859810278002,0.010041594995,0.003969420632,-1.170760801058,0.008149434664,0.008610191311,4.139944447316,1.170760801058,1.758586205456,-0.857451724300,0.003790781958,-0.000131681937,3.534645726915
0.134348327652,267.992183551043,18.900765395427,0.009901010882,0.003851060352,-1.168793464251,0.008016013078,0.008470585948,4.126764176153,1.168793464251,1.751517041218,-0.855526928586,0.003615881153,-0.000159365984,3.523537340811
0.136422208410,272.129070421897,18.941440198039,0.009764305248,0.003727274090,-1.166811651341,0.007886052114,0.008334638328,4.113463281767,1.166811651341,1.744509279522,-0.853582147989,0.003452811007,-0.000191856759,3.512392106315
0.138510806574,276.295314932893,18.981843162243,0.009631933927,0.003599428930,-1.164816438115,0.007759702011,0.008202714255,4.100038891516,1.164816438115,1.737541625731,-0.851616586764,0.003305635587,-0.000229437982,3.501198477681
0.140614086550,280.490846081381,19.021982411677,0.009502910703,0.003468619299,-1.162807988417,0.007636502298,0.008074008645,4.086514927253,1.162807988417,1.730605526628,-0.849635561311,0.003168573942,-0.000267388212,3.489964221149
0.142732012493,284.715592365596,19.061860433769,0.009375821487,0.003334916615,-1.160785152097,0.007516319433,0.007947384575,4.072925955335,1.160785152097,1.723693498989,-0.847647129464,0.003036638794,-0.000301055053,3.478702303211
0.144864548308,288.969481785876,19.101476947146,0.009250736917,0.003197816149,-1.158745888926,0.007398951867,0.007822945131,4.059288879355,1.158745888926,1.716809482655,-0.845656957505,0.002915004459,-0.000327906382,3.467422125468
0.147011657652,293.252441845894,19.140833921460,0.009128261625,0.003056950883,-1.156687912891,0.007284166498,0.007701178539,4.045598129655,1.156687912891,1.709964704800,-0.843663856561,0.002811059622,-0.000347096968,3.456125373673
0.149173303934,297.564399553889,19.179935390650,0.009008670756,0.002912411807,-1.154609271991,0.007171731763,0.007582255141,4.031846026273,1.154609271991,1.703160995743,-0.841662511035,0.002725179057,-0.000364097141,3.444808147003
0.151349450312,301.905281423911,19.218786612963,0.008892073320,0.002764057662,-1.152508656829,0.007061968261,0.007466169858,4.018018200447,1.152508656829,1.696388731778,-0.839643788204,0.002648881362,-0.000387206779,3.433457794527
0.153540059702,306.275013477076,19.257391583764,0.008777541350,0.002610912168,-1.150385199375,0.006954979528,0.007352082160,4.004111510598,1.150385199375,1.689644307020,-0.837602193603,0.002579463021,-0.000419212179,3.422070508497
0.155745094769,310.673521242823,19.295749644079,0.008664168923,0.002452778005,-1.148238392861,0.006850407828,0.007239224711,3.990154317333,1.148238392861,1.682932696190,-0.835537087957,0.002517949510,-0.000454401334,3.410662703192
0.157964517935,315.100729760186,19.333858788697,0.008552068883,0.002291167849,-1.146068332659,0.006747895508,0.007127675436,3.976158356762,1.146068332659,1.676271376297,-0.833446281817,0.002455264242,-0.000486896161,3.399249032859
0.160198291376,319.556563579070,19.371718416301,0.008441674385,0.002128124440,-1.143875644610,0.006647410547,0.007017789470,3.962115822332,1.143875644610,1.669664419726,-0.831329011743,0.002369976543,-0.000514060061,3.387827943334
0.162446377022,324.040946761535,19.409330714251,0.008333690951,0.001964864352,-1.141661055505,0.006549102639,0.006910160028,3.948003538666,1.141661055505,1.663106411483,-0.829186499237,0.002235348959,-0.000533179809,3.376385502827
0.164708736561,328.553802883096,19.446700888681,0.008228515486,0.001801186968,-1.139425035271,0.006452947896,0.006805125001,3.933794986620,1.139425035271,1.656592366662,-0.827020699719,0.002042146768,-0.000543776813,3.364906194277
0.166985331437,333.095055034020,19.483833698128,0.008125370705,0.001636062087,-1.137167900854,0.006359055468,0.006702050159,3.919492085547,1.137167900854,1.650105843974,-0.824833750342,0.001807997487,-0.000546054957,3.353382915187
0.169276122852,337.664625820638,19.520729284515,0.008023303812,0.001467901770,-1.134889595318,0.006267316792,0.006600207409,3.905126598568,1.134889595318,1.643649041459,-0.822633566451,0.001556465453,-0.000539563507,3.341832617672
0.171581071764,342.262437366666,19.557387401803,0.007923176535,0.001294988299,-1.132589327368,0.006177476563,0.006500350951,3.890727900574,1.132589327368,1.637248237485,-0.820426581096,0.001307973058,-0.000525745255,3.330282732713
0.173900138893,346.888411314530,19.593814616980,0.007826548973,0.001116482815,-1.130266097404,0.006089358411,0.006403732752,3.876303197266,1.130266097404,1.630916801743,-0.818210877506,0.001075027284,-0.000506457566,3.318743048207
0.176233284716,351.542468826702,19.630021510095,0.007733310820,0.000932629178,-1.127919523388,0.006002879515,0.006310177177,3.861840150865,1.127919523388,1.624635390090,-0.815977819272,0.000861883092,-0.000485970923,3.307197532172
0.178580469470,356.224530587043,19.666016071275,0.007642665138,0.000744699448,-1.125549917949,0.005918144412,0.006218973313,3.847311315563,1.125549917949,1.618375131470,-0.813721778605,0.000669242589,-0.000470255519,3.295618182491
0.180941653154,360.934516802158,19.701802388011,0.007553488933,0.000554813855,-1.123158254787,0.005835271833,0.006129199232,3.832698533972,1.123158254787,1.612118568245,-0.811443125441,0.000492912729,-0.000460421144,3.283987678502
0.183316795528,365.672347202749,19.737379869552,0.007465324045,0.000364693395,-1.120746379000,0.005753970459,0.006040506064,3.817999143304,1.120746379000,1.605872855924,-0.809145338969,0.000331102766,-0.000453343837,3.272309189114
0.185705856114,370.437941044992,19.772750332893,0.007379236147,0.000175020990,-1.118316317405,0.005674615662,0.005953760366,3.803198031115,1.118316317405,1.599654992786,-0.806829583552,0.000179094149,-0.000445741053,3.260584670653
0.188108794196,375.231217111905,19.807918158520,0.007294853183,-0.000014052935,-1.115869174654,0.005596765616,0.005868658324,3.788299175729,1.115869174654,1.593472994945,-0.804496602292,0.000029456957,-0.000436612474,3.248820672664
0.190525568823,380.052093714738,19.842884672826,0.007211774377,-0.000202265688,-1.113404598908,0.005520194246,0.005784899025,3.773320619548,1.113404598908,1.587324419738,-0.802150173217,-0.000125464392,-0.000430006744,3.237024819097
0.192956138807,384.900488694360,19.877651555531,0.007130098240,-0.000389038441,-1.110921029603,0.005445060196,0.005702586149,3.758266796036,1.110921029603,1.581208223342,-0.799794447522,-0.000276183502,-0.000430939720,3.225198024490
0.195400462725,389.776319422663,19.912219798298,0.007049664078,-0.000573732366,-1.108417001668,0.005371315475,0.005621602916,3.743156516262,1.108417001668,1.575119158615,-0.797432229862,-0.000406225564,-0.000441441458,3.213346338273
0.197858498921,394.679502803969,19.946592273281,0.006971281001,-0.000756420089,-1.105891817701,0.005298879983,0.005542588834,3.728013736842,1.105891817701,1.569063531127,-0.795064172078,-0.000521375504,-0.000456701866,3.201484542835
0.200330205504,399.609955276448,19.980775056359,0.006895089501,-0.000936794692,-1.103345549603,0.005227593458,0.005465632608,3.712834414045,1.103345549603,1.563049300518,-0.792688891584,-0.000640856434,-0.000466983119,3.189614632083
0.202815540350,404.567592813536,20.014773179910,0.006820746663,-0.001113356022,-1.100778802375,0.005157636433,0.005390419528,3.697591056033,1.100778802375,1.557078368300,-0.790301850334,-0.000775136112,-0.000466072636,3.177724113355
0.205314461103,409.552330925376,20.048591461209,0.006748397444,-0.001284595234,-1.098192338536,0.005088946086,0.005317005978,3.682265650359,1.098192338536,1.551145535037,-0.787895979960,-0.000919751728,-0.000453272358,3.165801761966
0.207826925176,414.564084660250,20.082235757954,0.006678155539,-0.001449976233,-1.095586866386,0.005021727399,0.005245420041,3.666849444021,1.095586866386,1.545232734331,-0.785464041315,-0.001056524672,-0.000430344332,3.153834522369
0.210352889749,419.602768606031,20.115711005420,0.006609317939,-0.001610037343,-1.092962938012,0.004955667146,0.005175086408,3.651346826719,1.092962938012,1.539327984919,-0.783003905400,-0.001157706494,-0.000401664754,3.141818874825
0.212892311776,424.668296891637,20.149016448339,0.006540498063,-0.001765657154,-1.090320559439,0.004890938015,0.005104955175,3.635784354424,1.090320559439,1.533417883175,-0.780520879836,-0.001213537161,-0.000371708222,3.129761398519
0.215445147977,429.760583188496,20.182145946647,0.006471128328,-0.001917969105,-1.087659056109,0.004827492597,0.005034635063,3.620204185861,1.087659056109,1.527499045179,-0.778022011128,-0.001241815859,-0.000344785158,3.117681143574
0.218011354848,434.879540712016,20.215093245017,0.006401627290,-0.002068470239,-1.084977716469,0.004765242051,0.004964488530,3.604635574379,1.084977716469,1.521577812420,-0.775512005646,-0.001264465615,-0.000320767142,3.105595551634
0.220590888652,440.025082223062,20.247855448764,0.006332883206,-0.002218999396,-1.082276316830,0.004703943682,0.004895207330,3.589095035235,1.082276316830,1.515675659446,-0.772990699213,-0.001300560683,-0.000297112898,3.093523505755
0.223183705430,445.197120029450,20.280436270982,0.006266555930,-0.002371203260,-1.079555334100,0.004643669659,0.004828053465,3.573572808161,1.079555334100,1.509812194333,-0.770455839805,-0.001364944915,-0.000273989935,3.081470168297
0.225789760993,450.395565987432,20.312847399877,0.006203525821,-0.002525839507,-1.076815951614,0.004584516165,0.004763657431,3.558026166837,1.076815951614,1.503977433691,-0.767902936035,-0.001460794366,-0.000253988513,3.069409776071
0.228409010929,455.620331503204,20.345099148521,0.006142418460,-0.002682352198,-1.074059275156,0.004526397409,0.004700947539,3.542404827805,1.074059275156,1.498152123404,-0.765332176516,-0.001581803297,-0.000236963746,3.057308113183
0.231041410598,460.871327534414,20.377194134167,0.006082084358,-0.002839225854,-1.071285473902,0.004469372900,0.004639059184,3.526680127056,1.071285473902,1.492322502444,-0.762747397351,-0.001713807593,-0.000222258215,3.045144051700
0.233686915138,466.148464591683,20.409132215646,0.006022413656,-0.002995909658,-1.068493997445,0.004413288263,0.004577912829,3.510871456365,1.068493997445,1.486500078463,-0.760150261486,-0.001834495590,-0.000213810900,3.032932766136
0.236345479465,471.451652740124,20.440914147961,0.005963792864,-0.003153128503,-1.065683884058,0.004357944358,0.004517808383,3.495035887379,1.065683884058,1.480695795784,-0.757542616150,-0.001920744738,-0.000215331433,3.020707783611
0.239017058269,476.780801600878,20.472540945365,0.005905576385,-0.003311498707,-1.062854210871,0.004303487895,0.004458257007,3.479207500461,1.062854210871,1.474905139631,-0.754925013791,-0.001979880215,-0.000227133212,3.008483425482
0.241701606021,482.135820352655,20.504009447937,0.005847475474,-0.003471798970,-1.060004659272,0.004250100237,0.004399045501,3.463383574637,1.060004659272,1.469130229637,-0.752298216071,-0.002034486716,-0.000244932782,2.996259231773
0.244399076969,487.516617733281,20.535318514344,0.005789967894,-0.003635164955,-1.057135098278,0.004197269193,0.004340510597,3.447558672649,1.057135098278,1.463382014040,-0.749659057774,-0.002092906517,-0.000265398428,2.984037892484
0.247109425143,492.923102041254,20.566467270677,0.005732961822,-0.003801332509,-1.054245361214,0.004145130514,0.004282572395,3.431733469668,1.054245361214,1.457646532932,-0.747006288843,-0.002160268047,-0.000285121634,2.971812681907
0.249832604351,498.355181137305,20.597457220665,0.005677332294,-0.003968537424,-1.051335621172,0.004094073344,0.004225910507,3.415910411427,1.051335621172,1.451902082417,-0.744344635367,-0.002247944827,-0.000300592863,2.959574057507
0.252568568185,503.812762445968,20.628292521934,0.005622770368,-0.004134152226,-1.048406660618,0.004043911463,0.004170315646,3.400095611681,1.048406660618,1.446145195775,-0.741679199181,-0.002356883811,-0.000309423162,2.947323734037
0.255317270016,509.295752957161,20.658973191241,0.005568570063,-0.004295384126,-1.045458986191,0.003994312963,0.004115264045,3.384294175040,1.045458986191,1.440383803125,-0.739011304451,-0.002469750806,-0.000313769420,2.935068482178
0.258078663001,514.804059227769,20.689498516923,0.005514935459,-0.004449838431,-1.042492088220,0.003945228994,0.004060905332,3.368497455562,1.042492088220,1.434627216224,-0.736341528240,-0.002571689714,-0.000321194997,2.922808380003
0.260852700078,520.337587383237,20.719867863211,0.005461641832,-0.004595691669,-1.039504949839,0.003897051284,0.004007042313,3.352670189626,1.039504949839,1.428872146270,-0.733664692282,-0.002662772146,-0.000333913880,2.910523642868
0.263639333973,525.896243119167,20.750080596842,0.005409141267,-0.004732008190,-1.036497190735,0.003849897121,0.003953970690,3.336766693602,1.036497190735,1.423106586599,-0.730974220067,-0.002750650677,-0.000345564840,2.898185235468
0.266438517193,531.479931702930,20.780140513575,0.005358196554,-0.004858143173,-1.033469589292,0.003803544373,0.003902227728,3.320761647167,1.033469589292,1.417333905506,-0.728266968574,-0.002838919376,-0.000351562986,2.885782570982
0.269250202034,537.088557975279,20.810052566177,0.005308454747,-0.004973416873,-1.030423435754,0.003757822122,0.003851572804,3.304676789538,1.030423435754,1.411580001408,-0.725547875494,-0.002914754364,-0.000353746673,2.873340113350
0.272074340579,542.722026351966,20.839820365620,0.005260054999,-0.005078512390,-1.027359396041,0.003712706010,0.003802108766,3.288536701963,1.027359396041,1.405879052965,-0.722819495928,-0.002965230559,-0.000352354044,2.860887575485
0.274910884698,548.380240825378,20.869449554943,0.005213171925,-0.005175856620,-1.024277439317,0.003668166324,0.003753937244,3.272342560373,1.024277439317,1.400247136961,-0.720079523954,-0.002992267699,-0.000348499450,2.848433568326
0.277759786048,554.063104966170,20.898944733392,0.005167418671,-0.005267206252,-1.021177205194,0.003624398217,0.003706746244,3.256103590243,1.021177205194,1.394661997611,-0.717322985018,-0.003012824306,-0.000344474391,2.835971396524
0.280620996078,559.770521924908,20.928308330699,0.005122274693,-0.005352052112,-1.018058018100,0.003581258427,0.003660136046,3.239855876400,1.018058018100,1.389092790784,-0.714545219712,-0.003052105775,-0.000343784660,2.823503342642
0.283494466027,565.502394433717,20.957539368994,0.005077273656,-0.005429150592,-1.014918920631,0.003538957318,0.003613787286,3.223640491184,1.014918920631,1.383523588969,-0.711749236705,-0.003113229283,-0.000347571898,2.811041500392
0.286380146923,571.258624807947,20.986636961147,0.005032833997,-0.005499114159,-1.011758921425,0.003497392481,0.003568024378,3.207487670850,1.011758921425,1.377951707602,-0.708940357163,-0.003181724982,-0.000353629503,2.798599149939
0.289277989587,577.039114947829,21.015602335851,0.004989053170,-0.005563323306,-1.008577921403,0.003456450305,0.003522933036,3.191378279642,1.008577921403,1.372373886742,-0.706122872134,-0.003246932397,-0.000359539871,2.786165043893
0.292187944635,582.843766340149,21.044436287989,0.004945891112,-0.005621749306,-1.005376780477,0.003416125541,0.003478497704,3.175265148150,1.005376780477,1.366773136384,-0.703300343745,-0.003302605938,-0.000361269851,2.773707532505
0.295109962472,588.672480059933,21.073141271355,0.004903889909,-0.005673778296,-1.002156194251,0.003376324812,0.003435087830,3.159126549666,1.002156194251,1.361145566392,-0.700471339356,-0.003346086808,-0.000359904927,2.761214155154
0.298043993301,594.525156772123,21.101722917137,0.004863404618,-0.005720195064,-0.998916104372,0.003336946301,0.003392919117,3.142949166607,0.998916104372,1.355512967167,-0.697631329607,-0.003381771221,-0.000361503599,2.748689119073
0.300989987120,600.401696733278,21.130186182138,0.004823730972,-0.005763483935,-0.995655806509,0.003298215333,0.003351459381,3.126706360336,0.995655806509,1.349893980635,-0.694773885815,-0.003410307580,-0.000370394847,2.736128073740
0.303947893721,606.301999793270,21.158529936104,0.004783752527,-0.005806902590,-0.992374080490,0.003260136650,0.003309925142,3.110393749479,0.992374080490,1.344294078890,-0.691897962574,-0.003423733659,-0.000386226228,2.723530954429
0.306917662695,612.225965396991,21.186749074562,0.004743411295,-0.005852277661,-0.989069473928,0.003222438971,0.003268305105,3.094047703020,0.989069473928,1.338708781634,-0.689008796097,-0.003428312067,-0.000402367377,2.710912979291
0.309899243429,618.173492586068,21.214843045337,0.004704244283,-0.005899662063,-0.985740848504,0.003185304159,0.003227685082,3.077712682531,0.985740848504,1.333129370651,-0.686111229156,-0.003433688511,-0.000411381062,2.698291450843
0.312892585112,624.144480000584,21.242820386154,0.004667122464,-0.005948653128,-0.982387709729,0.003148655975,0.003188636779,3.061405218685,0.982387709729,1.327554545645,-0.683201810766,-0.003442545009,-0.000416059510,2.685673737030
0.315897636728,630.138825880802,21.270686630932,0.004630283090,-0.005998473909,-0.979010398544,0.003112384561,0.003149927549,3.045126814280,0.979010398544,1.321980320587,-0.680277529939,-0.003455655885,-0.000421228315,2.673058766705
0.318914347066,636.156428068903,21.298436963315,0.004592756844,-0.006046912356,-0.975610548155,0.003076207258,0.003110893777,3.028878096762,0.975610548155,1.316398901315,-0.677337259944,-0.003467300188,-0.000427005077,2.660443773116
0.321942664712,642.197184010726,21.326068311887,0.004555778828,-0.006091321388,-0.972191427347,0.003040470004,0.003072350710,3.012634700058,0.972191427347,1.310784847575,-0.674375065453,-0.003476585830,-0.000431437308,2.647805487490
0.324982538058,648.260990757514,21.353584907936,0.004520107583,-0.006130631812,-0.968756831252,0.003005395207,0.003034788955,2.996364422822,0.968756831252,1.305127324033,-0.671387229549,-0.003476965102,-0.000434948819,2.635124289053
0.328033915296,654.347744967670,21.380990213393,0.004484754824,-0.006165182085,-0.965309949704,0.002970926306,0.002997538864,2.980050407639,0.965309949704,1.299436675234,-0.668374232675,-0.003461978516,-0.000441618500,2.622398516288
0.331096744424,660.457342908519,21.408281395330,0.004449156327,-0.006196288003,-0.961853237886,0.002936804334,0.002960242546,2.963692652047,0.961853237886,1.293720446636,-0.665340272673,-0.003421220818,-0.000450412876,2.609633168285
0.334170973245,666.589680458073,21.435457057471,0.004414068364,-0.006225568007,-0.958388452612,0.002903310028,0.002923430119,2.947286932073,0.958388452612,1.287963600298,-0.662290148500,-0.003363157536,-0.000457056213,2.596819492492
0.337256549366,672.744653106811,21.462519702578,0.004379848033,-0.006253763933,-0.954916589355,0.002870219924,0.002887336166,2.930826252657,0.954916589355,1.282187201955,-0.659224366036,-0.003309695020,-0.000461304165,2.583965021984
0.340353420201,678.922155959452,21.489472264983,0.004346227506,-0.006281088425,-0.951438187902,0.002837668769,0.002851778108,2.914324679491,0.951438187902,1.276433214689,-0.656143184489,-0.003274494944,-0.000465377198,2.571098041041
0.343461532973,685.122083736750,21.516312581619,0.004311804636,-0.006309026279,-0.947953635418,0.002805567480,0.002815849378,2.897812931394,0.947953635418,1.270721455461,-0.653049464003,-0.003256616649,-0.000469052053,2.558244011137
0.346580834712,691.344330777284,21.543031464570,0.004276406845,-0.006338403790,-0.944462927634,0.002773751520,0.002779461764,2.881310944537,0.944462927634,1.265047947040,-0.649946709365,-0.003243981692,-0.000475883540,2.545410909605
0.349711272257,697.588791039260,21.569627680424,0.004242290996,-0.006367590335,-0.940965616208,0.002742323942,0.002744091788,2.864797955579,0.940965616208,1.259391703733,-0.646836181839,-0.003217075739,-0.000490526116,2.532577637760
0.352852792259,703.855358102320,21.596109082165,0.004209413341,-0.006393565460,-0.937460701466,0.002711397108,0.002709697014,2.848259479731,0.937460701466,1.253726536699,-0.643716918942,-0.003157625906,-0.000511322725,2.519723358948
0.356005341179,710.143925169351,21.622476525815,0.004176415574,-0.006413291334,-0.933946414502,0.002680790061,0.002675407049,2.831740552083,0.933946414502,1.248048578471,-0.640592242473,-0.003058982468,-0.000531241864,2.506867772527
0.359168865290,716.454385068310,21.648727713453,0.004143588856,-0.006424800305,-0.930419944039,0.002650452305,0.002641408049,2.815277551166,0.930419944039,1.242358854573,-0.637462500988,-0.002929243326,-0.000545292734,2.494028174889
0.362343310677,722.786630254047,21.674864086427,0.004111605606,-0.006427548679,-0.926877569510,0.002620515659,0.002608103666,2.798859880977,0.926877569510,1.236659553478,-0.634321889188,-0.002782533156,-0.000554718488,2.481198501983
0.365528623242,729.140552810142,21.700888985813,0.004080164895,-0.006423346485,-0.923316173646,0.002590910044,0.002575260933,2.782473767196,0.923316173646,1.230949975203,-0.631161313254,-0.002617985623,-0.000562761122,2.468369958022
0.368724748698,735.516044450737,21.726800920245,0.004048404911,-0.006414991967,-0.919734113474,0.002561691851,0.002542327049,2.766115448746,0.919734113474,1.225225472153,-0.627978503372,-0.002445310104,-0.000570440307,2.455537517187
0.371931632576,741.912996522391,21.752596996861,0.004016850688,-0.006403985303,-0.916131534076,0.002532855664,0.002509643627,2.749799732371,0.916131534076,1.219481129480,-0.624775239852,-0.002295453604,-0.000573728900,2.442706197964
0.375149220223,748.331300005921,21.778279335386,0.003986153680,-0.006390769484,-0.912510475972,0.002504394868,0.002477628163,2.733535829536,0.912510475972,1.213701292185,-0.621555243425,-0.002189763417,-0.000567007958,2.429873798846
0.378377456805,754.770845518270,21.803851992970,0.003956445538,-0.006374161709,-0.908873953260,0.002476335168,0.002446382388,2.717314235216,0.908873953260,1.207881697709,-0.618325927993,-0.002129766040,-0.000550093385,2.417034943093
0.381616287303,761.231523314365,21.829321114569,0.003928160450,-0.006351266950,-0.905224427813,0.002448692851,0.002416186811,2.701129126138,0.905224427813,1.202028134658,-0.615092456028,-0.002122575637,-0.000528215163,2.404190844305
0.384865656521,767.713223288988,21.854693326226,0.003900785716,-0.006321591775,-0.901563078274,0.002421397819,0.002386716483,2.684985640202,0.901563078274,1.196145977091,-0.611854959681,-0.002175768053,-0.000506001443,2.391347347784
0.388125509082,774.215834978655,21.879970184362,0.003873679365,-0.006287559108,-0.897890252391,0.002394371636,0.002357581544,2.668885046139,0.897890252391,1.190233880147,-0.608616492345,-0.002276474221,-0.000488562283,2.378504589338
0.391395789430,780.739247563495,21.905153584217,0.003847419966,-0.006251803540,-0.894205836671,0.002367774487,0.002329129503,2.652807057350,0.894205836671,1.184298036764,-0.605377163511,-0.002393497738,-0.000476550506,2.365655465392
0.394676441832,787.283349869144,21.930246333326,0.003821281558,-0.006217038790,-0.890509652333,0.002341538789,0.002300910595,2.636749266946,0.890509652333,1.178373380329,-0.602134472914,-0.002502862882,-0.000462574284,2.352816149804
0.397967410379,793.848030368632,21.955243571785,0.003794312440,-0.006185855401,-0.886801826197,0.002315540194,0.002272362274,2.620738434496,0.886801826197,1.172484115641,-0.598890130873,-0.002598325035,-0.000442981480,2.340012188167
0.401268638983,800.433177184290,21.980140506424,0.003767322080,-0.006159689548,-0.883082124160,0.002289802547,0.002243963587,2.604801113537,0.883082124160,1.166607001386,-0.595642285098,-0.002671559961,-0.000420302328,2.327245119541
0.404580071384,807.038678089657,22.004938044889,0.003740937573,-0.006138503433,-0.879349758641,0.002264476916,0.002216065390,2.588934438520,0.879349758641,1.160707060254,-0.592385654793,-0.002728132634,-0.000394657730,2.314495628708
0.407901651148,813.664420511385,22.029638334497,0.003715013424,-0.006122298032,-0.875604394790,0.002239352234,0.002188565056,2.573123898197,0.875604394790,1.154780353994,-0.589117335627,-0.002779251483,-0.000368371380,2.301754323490
0.411233321667,820.310291531167,22.054244312565,0.003690170983,-0.006110598214,-0.871846301321,0.002214409625,0.002161825337,2.557355838332,0.871846301321,1.148831265629,-0.585838416696,-0.002818597830,-0.000350365726,2.289016702641
0.414575026162,826.976177887656,22.078764618403,0.003667057028,-0.006102730596,-0.868076017033,0.002189995708,0.002136216332,2.541610613082,0.868076017033,1.142854482480,-0.582548919656,-0.002834582443,-0.000343300364,2.276270556298
0.417926707682,833.661965978396,22.103208286293,0.003645261034,-0.006099003106,-0.864294093939,0.002166020660,0.002111503140,2.525884557814,0.864294093939,1.136854008789,-0.579254104748,-0.002838569421,-0.000342109437,2.263516330271
0.421288309106,840.367541861757,22.127581366106,0.003624384816,-0.006100488716,-0.860500867624,0.002142270790,0.002087450524,2.510170093011,0.860500867624,1.130852135665,-0.575956039659,-0.002853196050,-0.000343568638,2.250761548150
0.424659773145,847.092791258882,22.151888579442,0.003604425220,-0.006108258402,-0.856696508187,0.002118589495,0.002064026948,2.494456119236,0.856696508187,1.124871900992,-0.572647892230,-0.002884056560,-0.000348628942,2.238012264208
0.428041042341,853.837599555626,22.176133979959,0.003584865989,-0.006121913987,-0.852880653491,0.002095188132,0.002040905982,2.478733501992,0.852880653491,1.118905056486,-0.569323018612,-0.002916587922,-0.000362072224,2.225259605985
0.431432059069,860.601851804519,22.200313221610,0.003563944145,-0.006140805534,-0.849052249783,0.002072029028,0.002017083879,2.463012432206,0.849052249783,1.112930150561,-0.565981743226,-0.002933580436,-0.000384483132,2.212497416275
0.434832765538,867.385432726717,22.224414404524,0.003541713301,-0.006164278179,-0.845209781180,0.002049204581,0.001992608838,2.447307256393,0.845209781180,1.106924559531,-0.562625429296,-0.002933179009,-0.000408987628,2.199720798552
0.438243103793,874.188226713970,22.248431169596,0.003519103291,-0.006190612696,-0.841352136027,0.002026732153,0.001968007833,2.431612004759,0.841352136027,1.100881194794,-0.559251788144,-0.002921796797,-0.000422328380,2.186922667790
0.441663015713,881.010117830593,22.272361356240,0.003496766891,-0.006217363931,-0.837479283312,0.002004565619,0.001943653603,2.415923753553,0.837479283312,1.094816882634,-0.555862212289,-0.002902255659,-0.000418067277,2.174109959750
0.445092443014,887.850989815440,22.296209027986,0.003475510755,-0.006242420826,-0.833591816055,0.001982551169,0.001919994395,2.400240637002,0.833591816055,1.088749508973,-0.552456800302,-0.002878458817,-0.000401537649,2.161290981015
0.448531327252,894.710726083886,22.319978379662,0.003454563462,-0.006265770161,-0.829690325048,0.001960692190,0.001896605426,2.384560221465,0.829690325048,1.082691681439,-0.549037316178,-0.002847671175,-0.000382763030,2.148471113976
0.451979609819,901.589209729816,22.343667504575,0.003433307838,-0.006289138635,-0.825775005676,0.001939046026,0.001873155425,2.368893792237,0.825775005676,1.076651447012,-0.545607832396,-0.002811896268,-0.000368125584,2.135660122463
0.455437231948,908.486323527613,22.367274247508,0.003412150000,-0.006314161822,-0.821845601208,0.001917657808,0.001849862562,2.353268036763,0.821845601208,1.070624249141,-0.542167450289,-0.002783281015,-0.000358007146,2.122868943556
0.458904134714,915.401949934158,22.390798899184,0.003391191903,-0.006341974811,-0.817902364528,0.001896302049,0.001826776725,2.337712410424,0.817902364528,1.064610081343,-0.538713515925,-0.002768193156,-0.000350639953,2.110112428148
0.462380259032,922.335971090836,22.414240357708,0.003370071333,-0.006371843503,-0.813947362891,0.001875077191,0.001803697609,2.322215145826,0.813947362891,1.058597395068,-0.535244270626,-0.002768230765,-0.000342260222,2.097379951893
0.465865545661,929.288268825540,22.437596519671,0.003348927712,-0.006400285736,-0.809983998137,0.001854229540,0.001780704229,2.306736864483,0.809983998137,1.052569766745,-0.531760302732,-0.002787984648,-0.000332960897,2.084645314683
0.469359935203,936.258724654687,22.460865900165,0.003327569397,-0.006422310080,-0.806014881171,0.001833608319,0.001757712374,2.291261992971,0.806014881171,1.046536603315,-0.528265275960,-0.002821367010,-0.000323667503,2.071906738728
0.472863368106,943.247219785238,22.484044739318,0.003305863855,-0.006434380117,-0.802041528939,0.001813186428,0.001734673429,2.275789188840,0.802041528939,1.040508619010,-0.524764984559,-0.002855187981,-0.000312853813,2.059169668394
0.476375784663,950.253635116721,22.507131420769,0.003284320453,-0.006435303284,-0.798065230506,0.001793040609,0.001711875582,2.260316727271,0.798065230506,1.034488292944,-0.521265965484,-0.002883594762,-0.000299277437,2.046435125361
0.479897125014,957.277851243260,22.530124700839,0.003262426756,-0.006423939472,-0.794086988392,0.001773280534,0.001689058014,2.244842233572,0.794086988392,1.028482756345,-0.517769155464,-0.002909645004,-0.000281958224,2.033705989154
0.483427329147,964.319748455616,22.553019819012,0.003240159210,-0.006399572087,-0.790107101995,0.001753783380,0.001666210255,2.229386689559,0.790107101995,1.022502212960,-0.514273355153,-0.002920070212,-0.000266502999,2.020998002257
0.486966336899,971.379206743217,22.575816979764,0.003218660890,-0.006364291981,-0.786126065130,0.001734435725,0.001643919958,2.213964077413,0.786126065130,1.016535233905,-0.510779101802,-0.002902309146,-0.000256028934,2.008312688224
0.490514087957,978.456105796213,22.598522479795,0.003198304102,-0.006321643756,-0.782144930639,0.001715280213,0.001622358401,2.198566165691,0.782144930639,1.010545045999,-0.507283857605,-0.002858118879,-0.000247982059,1.995628071164
0.494070521859,985.550325007520,22.621141822499,0.003178593483,-0.006272902932,-0.778165005427,0.001696396397,0.001601248171,2.183201333735,0.778165005427,1.004503887713,-0.503783580902,-0.002787379352,-0.000240407897,1.982935113438
0.497635577995,992.661743474877,22.643676569458,0.003159083110,-0.006217348004,-0.774187735859,0.001677709518,0.001580356228,2.167891769658,0.774187735859,0.998395635122,-0.500278828133,-0.002693545648,-0.000237493489,1.970237570319
0.501209195608,999.790240002908,22.666128145077,0.003140143502,-0.006154956726,-0.770214300428,0.001659217919,0.001559857698,2.152628442432,0.770214300428,0.992225084384,-0.496767191526,-0.002582009777,-0.000245281224,1.957533913622
0.504791313794,1006.935693105180,22.688498770254,0.003121274086,-0.006087062690,-0.766244622321,0.001640893800,0.001539484283,2.137393391368,0.766244622321,0.986018357410,-0.493241726674,-0.002459700621,-0.000262710496,1.944828185550
0.508381871507,1014.097981006310,22.710785247198,0.003102005738,-0.006016181378,-0.762277400411,0.001622701080,0.001519003807,2.122208614587,0.762277400411,0.979808256291,-0.489702019128,-0.002340648201,-0.000287341845,1.932147135644
0.511980807555,1021.276981643960,22.732985681913,0.003082873380,-0.005945533793,-0.758311401389,0.001604708929,0.001498686388,2.107113403055,0.758311401389,0.973620122959,-0.486150562793,-0.002234093120,-0.000318648007,1.919522463701
0.515588060603,1028.472572671000,22.755100994750,0.003064090650,-0.005876504018,-0.754345921552,0.001586874574,0.001478638630,2.092114444928,0.754345921552,0.967457820420,-0.482588054574,-0.002140907636,-0.000353535500,1.906959093450
0.519203569175,1035.684631457570,22.777131502086,0.003045198125,-0.005807170771,-0.750380683323,0.001569284757,0.001458632489,2.077178495685,0.750380683323,0.961302773825,-0.479012256765,-0.002076874890,-0.000388645215,1.894430976416
0.522827271655,1042.913035093130,22.799074790414,0.003026326089,-0.005734685942,-0.746416093910,0.001551925662,0.001438736316,2.062278853502,0.746416093910,0.955140267433,-0.475424753705,-0.002053126883,-0.000421911738,1.881917607423
0.526459106285,1050.157660388600,22.820934116608,0.003008511760,-0.005657552605,-0.742453155165,0.001534884176,0.001419432181,2.047398687370,0.742453155165,0.948955501109,-0.471824270334,-0.002051317117,-0.000450970438,1.869403671822
0.530099011171,1057.418383878460,22.842716249182,0.002991592978,-0.005574964281,-0.738493019272,0.001518007482,0.001400628582,2.032543698810,0.738493019272,0.942742100564,-0.468208691331,-0.002057308983,-0.000472443005,1.856889409323
0.533746924281,1064.695081822810,22.864425679350,0.002975348393,-0.005485825521,-0.734536945771,0.001501308788,0.001382214940,2.017702360613,0.734536945771,0.936514822763,-0.464576850963,-0.002071106641,-0.000486614865,1.844377064574
0.537402783445,1071.987630209520,22.886064576908,0.002959064631,-0.005387624627,-0.730586507980,0.001484850454,0.001363860027,2.002869955602,0.730586507980,0.930288197463,-0.460929746907,-0.002100158524,-0.000501172756,1.831872330522
0.541066526358,1079.295904756340,22.907628335072,0.002942027106,-0.005277047298,-0.726643658928,0.001468596666,0.001345248856,1.988068265921,0.726643658928,0.924051394016,-0.457271253638,-0.002159712343,-0.000523530141,1.819381659432
0.544738090583,1086.619780912990,22.929111392146,0.002924486473,-0.005151968174,-0.722710122512,0.001452546491,0.001326510192,1.973306301556,0.722710122512,0.917783648457,-0.453604681023,-0.002251733607,-0.000555071889,1.806900036263
0.548417413546,1093.959133863330,22.950509585999,0.002906548710,-0.005011462466,-0.718786542687,0.001436701139,0.001307698890,1.958594378010,0.718786542687,0.911484837503,-0.449931456454,-0.002367081040,-0.000587183556,1.794432879099
0.552104432544,1101.313838527430,22.971819671244,0.002888408630,-0.004855024820,-0.714872583443,0.001420874409,0.001288913975,1.943934475240,0.714872583443,0.905189748269,-0.446253678454,-0.002496128251,-0.000613873515,1.781998403476
0.555799084741,1108.683769563740,22.993040754238,0.002870478452,-0.004682953542,-0.710967827690,0.001405084625,0.001270353002,1.929318309561,0.710967827690,0.898920586305,-0.442574619544,-0.002633189784,-0.000633071414,1.769603361778
0.559501307171,1116.068801371230,23.014173463427,0.002852631193,-0.004496233025,-0.707071397338,0.001389507622,0.001251956954,1.914721657838,0.707071397338,0.892670086744,-0.438893087897,-0.002777137456,-0.000646464345,1.757231570960
0.563211036739,1123.468808091500,23.035217407419,0.002835039191,-0.004296762032,-0.703181620426,0.001374126167,0.001233801160,1.900132589600,0.703181620426,0.886438195979,-0.435208837652,-0.002927832057,-0.000656614429,1.744876203002
0.566928210224,1130.883663610950,23.056176281696,0.002818329567,-0.004086971324,-0.699297308515,0.001359086993,0.001216142825,1.885545595296,0.699297308515,0.880229092140,-0.431519810878,-0.003091479071,-0.000662621942,1.732535997975
0.570652764275,1138.313241562910,23.077055512198,0.002802316323,-0.003868834346,-0.695418333871,0.001344243615,0.001198864968,1.870933367216,0.695418333871,0.874048443286,-0.427817311070,-0.003280952274,-0.000658524244,1.720200072187
0.574384635418,1145.757415329830,23.097857172467,0.002786341919,-0.003644115959,-0.691544692551,0.001329476711,0.001181662308,1.856275228426,0.691544692551,0.867909141851,-0.424093952251,-0.003487202683,-0.000643713657,1.707864531414
0.578123760053,1153.216058045380,23.118578275659,0.002769808018,-0.003416726863,-0.687676418245,0.001314809262,0.001164287562,1.841589184465,0.687676418245,0.861807939597,-0.420351749291,-0.003686999955,-0.000624343031,1.695536771153
0.581870074456,1160.689042596680,23.139213090359,0.002752666770,-0.003191720191,-0.683813992971,0.001300113194,0.001146747158,1.826901822494,0.683813992971,0.855726418476,-0.416596740019,-0.003870922387,-0.000607154242,1.683221116971
0.585623514780,1168.176241626400,23.159760118184,0.002736131603,-0.002972459977,-0.679958580717,0.001285448176,0.001129558714,1.812235546022,0.679958580717,0.849634063411,-0.412831415184,-0.004043218000,-0.000593832634,1.670914095075
0.589384017059,1175.677527534990,23.180225690835,0.002720404554,-0.002760083778,-0.676111929128,0.001270966380,0.001112789979,1.797583246682,0.676111929128,0.843508142073,-0.409053180889,-0.004211112532,-0.000583427810,1.658601658942
0.593151517205,1183.192772482800,23.200607848741,0.002703497726,-0.002554087477,-0.672275857577,0.001256646870,0.001095632005,1.782944352221,0.672275857577,0.837352519805,-0.405264416828,-0.004372820153,-0.000574366520,1.646286364802
0.596925951011,1190.721848392290,23.220893642039,0.002684960001,-0.002354310344,-0.668451606331,0.001242454411,0.001077935794,1.768349366514,0.668451606331,0.831192923110,-0.401471885550,-0.004512541082,-0.000566704660,1.633996947978
0.600707254151,1198.264626950230,23.241072303470,0.002665326132,-0.002160093922,-0.664640009123,0.001228369226,0.001059950292,1.753845057888,0.664640009123,0.825048459053,-0.397681441514,-0.004610381631,-0.000568314481,1.621766763032
0.604495362182,1205.820979609840,23.261135148005,0.002644723044,-0.001969432378,-0.660842204198,0.001214313837,0.001041741369,1.739461397214,0.660842204198,0.818926973735,-0.393894755457,-0.004663125739,-0.000584047028,1.609615287573
0.608290210548,1213.390777593020,23.281074009746,0.002623119831,-0.001780100466,-0.657059217688,0.001200491780,0.001023292653,1.725168035254,0.657059217688,0.812839826354,-0.390107280267,-0.004694988573,-0.000612616474,1.597533539648
0.612091734574,1220.973891892510,23.300881786025,0.002601116752,-0.001591759834,-0.653291991806,0.001186933201,0.001004837557,1.710934003822,0.653291991806,0.806804104333,-0.386314886067,-0.004727253373,-0.000649998597,1.585515049980
0.615899869473,1228.570193274140,23.320558944448,0.002579722715,-0.001406126324,-0.649542462362,0.001173563788,0.000986776360,1.696772867761,0.649542462362,0.800816211380,-0.382519798325,-0.004758751695,-0.000690756068,1.573565770752
0.619714550347,1236.179552278970,23.340108974879,0.002558722745,-0.001224788751,-0.645813239468,0.001160327748,0.000969035318,1.682704103500,0.645813239468,0.794854011414,-0.378727353386,-0.004787276609,-0.000728127491,1.561685677191
0.623535712183,1243.801839225550,23.359532480261,0.002537789254,-0.001048468923,-0.642106720883,0.001147204296,0.000951492293,1.668724464284,0.642106720883,0.788899253154,-0.374939716895,-0.004814527026,-0.000753407055,1.549865219160
0.627363289860,1251.436924212100,23.378828573804,0.002516787349,-0.000876745735,-0.638424167236,0.001134211755,0.000934083129,1.654820445469,0.638424167236,0.782953678862,-0.371152340433,-0.004830559056,-0.000764339072,1.538099145783
0.631197218147,1259.084677118710,23.397996491355,0.002496001336,-0.000707689116,-0.634765274533,0.001121371938,0.000916905488,1.640976785484,0.634765274533,0.777022327958,-0.367362012613,-0.004838447314,-0.000763234931,1.526382193987
0.635037431705,1266.744967609620,23.417038790114,0.002475761850,-0.000538968153,-0.631128521617,0.001108653422,0.000900083670,1.627180511547,0.631128521617,0.771101059546,-0.363570470014,-0.004853033204,-0.000752626396,1.514705046355
0.638883865088,1274.417665135360,23.435957348208,0.002455606812,-0.000368705454,-0.627511869658,0.001096087226,0.000883447638,1.613436672712,0.627511869658,0.765185544976,-0.359779731609,-0.004871537197,-0.000736686020,1.503067043673
0.642736452743,1282.102638935050,23.454750266617,0.002435177693,-0.000196499472,-0.623913575426,0.001083724177,0.000866874095,1.599748888332,0.623913575426,0.759281604004,-0.355992187478,-0.004887383365,-0.000719756886,1.491472033881
0.646595129014,1289.799758038560,23.473415138340,0.002414688971,-0.000024206964,-0.620332318045,0.001071479842,0.000850430831,1.586107837539,0.620332318045,0.753388085842,-0.352202738171,-0.004898778571,-0.000704108211,1.479914120713
0.650459828138,1297.508891268800,23.491952457900,0.002394601480,0.000145472213,-0.616766845974,0.001059299998,0.000834253720,1.572501939484,0.616766845974,0.747500134912,-0.348401219923,-0.004896153603,-0.000691906089,1.468384460185
0.654330484253,1305.229907243920,23.510365821129,0.002375186097,0.000310517965,-0.613216619786,0.001047282964,0.000818411770,1.558911157963,0.613216619786,0.741619822614,-0.344579801912,-0.004877460667,-0.000686757792,1.456873800182
0.658207031394,1312.962674379560,23.528658949981,0.002356151443,0.000471229365,-0.609682745381,0.001035497011,0.000802791581,1.545313735266,0.609682745381,0.735753779059,-0.340735520727,-0.004855475569,-0.000685483643,1.445375129853
0.662089403494,1320.707060891100,23.546831175109,0.002336737071,0.000629905407,-0.606167385311,0.001023900177,0.000787147030,1.531712834458,0.606167385311,0.729909744336,-0.336873800005,-0.004841572915,-0.000682480004,1.433894982052
0.665977534389,1328.462934795880,23.564876723397,0.002316537996,0.000787476650,-0.602672262538,0.001012390179,0.000771363441,1.518140513696,0.602672262538,0.724095367382,-0.332999623634,-0.004836749689,-0.000677245239,1.422454071808
0.669871357817,1336.230163915500,23.582789901329,0.002295978722,0.000943913516,-0.599198136668,0.001000961009,0.000755593022,1.504614537820,0.599198136668,0.718315855465,-0.329113628066,-0.004840079302,-0.000669147314,1.411064264977
0.673770807416,1344.008615878000,23.600570214851,0.002275787383,0.001101002176,-0.595745345922,0.000989553622,0.000740076868,1.491134617999,0.595745345922,0.712568812186,-0.325217286743,-0.004857506438,-0.000659299470,1.399724388054
0.677675816733,1351.798158120190,23.618218860898,0.002255432953,0.001261265325,-0.592314220875,0.000978319080,0.000724649707,1.477699726934,0.592314220875,0.706846649859,-0.321314426890,-0.004887460429,-0.000649964764,1.388430298834
0.681586319214,1359.598657889860,23.635728597371,0.002233702140,0.001425973788,-0.588905147359,0.000967286468,0.000708946808,1.464330403411,0.588905147359,0.701150065846,-0.317412202263,-0.004909720346,-0.000643918315,1.377192808308
0.685502248218,1367.409982248070,23.653087932641,0.002210853748,0.001596138178,-0.585518613687,0.000956416894,0.000693073755,1.451053291684,0.585518613687,0.695482774076,-0.313514077598,-0.004912544052,-0.000642588996,1.366027339724
0.689423537006,1375.231998071370,23.670290296933,0.002187533340,0.001772757618,-0.582155640727,0.000945767781,0.000677232145,1.437871332010,0.582155640727,0.689847121914,-0.309615181015,-0.004892483438,-0.000647119299,1.354937047326
0.693350118752,1383.064572054140,23.687331923265,0.002163932277,0.001956047490,-0.578817616474,0.000935303879,0.000661477858,1.424775206152,0.578817616474,0.684237981205,-0.305712504908,-0.004852809399,-0.000658734958,1.343915401916
0.697281926535,1390.907570710810,23.704211600169,0.002140554997,0.002146617362,-0.575506246800,0.000925037220,0.000645964688,1.411749510044,0.575506246800,0.678655756897,-0.301803941087,-0.004809615723,-0.000674334989,1.332955756871
0.701218893351,1398.760860378150,23.720932319077,0.002117832041,0.002344123487,-0.572223228444,0.000914856603,0.000630816993,1.398781727016,0.572223228444,0.673105172680,-0.297887633395,-0.004768081285,-0.000689223909,1.322055064070
0.705160952102,1406.624307217550,23.737498066953,0.002095576132,0.002546657119,-0.568969180956,0.000904743573,0.000615971289,1.385855965808,0.568969180956,0.667585203806,-0.293962978457,-0.004733128590,-0.000699490869,1.311205175285
0.709108035607,1414.497777217280,23.753910790881,0.002073590397,0.002752309939,-0.565743142226,0.000894790311,0.000601357711,1.372959567137,0.565743142226,0.662096891452,-0.290027931118,-0.004715233493,-0.000701446339,1.300399800408
0.713060076599,1422.381136194810,23.770171241330,0.002051640305,0.002960502733,-0.562543758994,0.000884992951,0.000586901787,1.360089876921,0.562543758994,0.656645365394,-0.286081952270,-0.004714893600,-0.000696685668,1.289639500654
0.717017007726,1430.274249799080,23.786277695984,0.002029499664,0.003172859015,-0.559370493367,0.000875358993,0.000572548020,1.347253198076,0.559370493367,0.651240436168,-0.282127547865,-0.004726779671,-0.000688372059,1.278932063805
0.720978761551,1438.176983512770,23.802229549947,0.002007626831,0.003391221617,-0.556223904070,0.000865830412,0.000558430313,1.334456972120,0.556223904070,0.645889333758,-0.278166441585,-0.004750018287,-0.000679208883,1.268285104974
0.724945270557,1446.089202654640,23.818028436054,0.001985861905,0.003616161071,-0.553105730692,0.000856436876,0.000544502808,1.321713275109,0.553105730692,0.640592931504,-0.274200412585,-0.004779767398,-0.000672333621,1.257705968652
0.728916467146,1454.010772381760,23.833671242139,0.001963398066,0.003847388416,-0.550018315923,0.000847164192,0.000530551720,1.309045875863,0.550018315923,0.635361930274,-0.270231841628,-0.004806545802,-0.000669127223,1.247213061030
0.732892283639,1461.941557691870,23.849149735656,0.001939812072,0.004083849824,-0.546963521675,0.000837979949,0.000516483626,1.296476253901,0.546963521675,0.630193379245,-0.266265335977,-0.004818424924,-0.000669260058,1.236816577411
0.736872652279,1469.881423425650,23.864455130590,0.001915467889,0.004323110581,-0.543941699089,0.000828955239,0.000502422051,1.283992295993,0.543941699089,0.625086917071,-0.262306124711,-0.004810015937,-0.000671048281,1.226510456076
0.740857505231,1477.830234269010,23.879583751549,0.001891056840,0.004562609836,-0.540951718031,0.000820098855,0.000488548335,1.271564317526,0.540951718031,0.620056948811,-0.258351280557,-0.004780448095,-0.000670479429,1.216286492184
0.744846774583,1485.787854755450,23.894534767407,0.001866573484,0.004800814997,-0.537992015701,0.000811388446,0.000474844537,1.259191100816,0.537992015701,0.615102306207,-0.254394711713,-0.004726238490,-0.000665169943,1.206142711362
0.748840392349,1493.754149268300,23.909306155015,0.001841872153,0.005036181537,-0.535061918459,0.000802773164,0.000461270808,1.246885521777,0.535061918459,0.610205942160,-0.250434548619,-0.004660292263,-0.000656897237,1.196076691198
0.752838290468,1501.728982043080,23.923896086186,0.001817170026,0.005268204173,-0.532162197493,0.000794245875,0.000447885641,1.234655564717,0.532162197493,0.605344420686,-0.246470474010,-0.004603922717,-0.000648421506,1.186081091448
0.756840400807,1509.712217169800,23.938306257847,0.001793080103,0.005497772627,-0.529294393217,0.000785915158,0.000434836639,1.222483733017,0.529294393217,0.600506161901,-0.242501108285,-0.004560950965,-0.000641868501,1.176142144068
0.760846655160,1517.703718595250,23.952541192240,0.001769430794,0.005725712184,-0.526459634854,0.000777807236,0.000422066877,1.210348494895,0.526459634854,0.595701025371,-0.238522302220,-0.004526951031,-0.000638161292,1.166254577560
0.764856985251,1525.703350125370,23.966600087238,0.001745342941,0.005951489397,-0.523658139290,0.000769788722,0.000409360679,1.198269149611,0.523658139290,0.590939079398,-0.234531997569,-0.004502165401,-0.000635679986,1.156433184149
0.768871322735,1533.710975427540,23.980477167244,0.001720501246,0.006173352950,-0.520889587394,0.000761892578,0.000396653321,1.186275652745,0.520889587394,0.586218006441,-0.230531536108,-0.004491164831,-0.000631488052,1.146691623290
0.772889599198,1541.726458032890,23.994166233799,0.001695126622,0.006390287378,-0.518153641024,0.000754101911,0.000384012969,1.174385272867,0.518153641024,0.581552944742,-0.226524657611,-0.004489019172,-0.000626415051,1.137045929316
0.776911746158,1549.749661338670,24.007665328662,0.001669971990,0.006602033640,-0.515450770546,0.000746412772,0.000371618585,1.162612417821,0.515450770546,0.576969292823,-0.222514930606,-0.004489942538,-0.000620977234,1.127516240595
0.780937695070,1557.780448610520,24.020976420894,0.001645032443,0.006807433359,-0.512782711162,0.000738831292,0.000359467590,1.150971759118,0.512782711162,0.572472881115,-0.218504173634,-0.004493560142,-0.000613143983,1.118113675698
0.784967377321,1565.818682984860,24.034098979706,0.001619994890,0.007005193998,-0.510151685961,0.000731402074,0.000347494197,1.139466683016,0.510151685961,0.568059104421,-0.214493168685,-0.004499562429,-0.000604737321,1.108838736699
0.789000724236,1573.864227471170,24.047031079819,0.001594612890,0.007194895147,-0.507559275485,0.000724160343,0.000335645177,1.128090692604,0.507559275485,0.563726044977,-0.210480485147,-0.004500042077,-0.000599817121,1.099688006533
0.793037667077,1581.916944954370,24.059766928485,0.001568390486,0.007376441958,-0.505005938782,0.000717115452,0.000323825659,1.116857915095,0.505005938782,0.559471148434,-0.206467417747,-0.004494630834,-0.000597678214,1.090667501155
0.797078137046,1589.976698197110,24.072301251153,0.001542003620,0.007550104719,-0.502492075275,0.000710172515,0.000312187087,1.105788849908,0.502492075275,0.555299735684,-0.202455008417,-0.004496935387,-0.000594312755,1.081790330433
0.801122065283,1598.043349842160,24.084633524029,0.001515486916,0.007716439122,-0.500018904492,0.000703353767,0.000300732196,1.094862736951,0.500018904492,0.551213234170,-0.198439274521,-0.004511469778,-0.000591250546,1.073047437807
0.805169382869,1606.116762414720,24.096759046626,0.001488239373,0.007876239121,-0.497588106941,0.000696667228,0.000289344682,1.084049899421,0.497588106941,0.547214275453,-0.194421498694,-0.004532498177,-0.000590514228,1.064426140907
0.809220020830,1614.196798324740,24.108673265976,0.001460834771,0.008030220676,-0.495201319692,0.000690089380,0.000278139655,1.073334654431,0.495201319692,0.543305243419,-0.190401290117,-0.004555400725,-0.000591384907,1.055920608771
0.813273910132,1622.283319869330,24.120375382227,0.001433338926,0.008178621560,-0.492859818347,0.000683682160,0.000267129196,1.062708635382,0.492859818347,0.539472764914,-0.186375410252,-0.004583779284,-0.000591501898,1.047520609322
0.817330981689,1630.376189235050,24.131862590736,0.001405433698,0.008320763939,-0.490564228421,0.000677392687,0.000256258592,1.052185475990,0.490564228421,0.535703909019,-0.182343899898,-0.004618373057,-0.000589846606,1.039226806715
0.821391166357,1638.475268500280,24.143130001022,0.001376797072,0.008455162382,-0.488314616465,0.000671227439,0.000245482606,1.041790221699,0.488314616465,0.531984583630,-0.178309699797,-0.004656705423,-0.000588017750,1.031044710897
0.825454394941,1646.580419637570,24.154169893278,0.001347264608,0.008581764288,-0.486111084984,0.000665245093,0.000234787126,1.031547847851,0.486111084984,0.528303998096,-0.174276198515,-0.004697086159,-0.000586604342,1.022981465466
0.829520598195,1654.691504515990,24.164976805479,0.001317502029,0.008702982058,-0.483954105703,0.000659440788,0.000224290944,1.021473402699,0.483954105703,0.524679637624,-0.170243369013,-0.004743144416,-0.000582173421,1.015053573013
0.833589706822,1662.808384903480,24.175551841667,0.001288329915,0.008822092688,-0.481844390293,0.000653737310,0.000214121465,1.011563255296,0.481844390293,0.521140378956,-0.166204539124,-0.004799738071,-0.000573518298,1.007274012272
0.837661651472,1670.930922469240,24.185900211934,0.001259802974,0.008941479882,-0.479782552582,0.000648193481,0.000204275397,1.001800290279,0.479782552582,0.517692380378,-0.162152665835,-0.004860568655,-0.000565685328,0.999637611620
0.841736362752,1679.058978786010,24.196024961132,0.001231531386,0.009063751716,-0.477769087673,0.000642793798,0.000194690032,0.992189341834,0.477769087673,0.514332062490,-0.158089835165,-0.004922147064,-0.000559648621,0.992145245998
0.845813771218,1687.192415332510,24.205926307783,0.001203118203,0.009191852385,-0.475804750648,0.000637485656,0.000185308226,0.982740313361,0.475804750648,0.511060329866,-0.154021960755,-0.004981778999,-0.000551151559,0.984802696937
0.849893807382,1695.331093495760,24.215600138510,0.001174009333,0.009328023304,-0.473891207022,0.000632320721,0.000176053042,0.973454805093,0.473891207022,0.507869394190,-0.149953705853,-0.005030151872,-0.000536459328,0.977607703152
0.853976401710,1703.474874573460,24.225040852032,0.001144481586,0.009473409171,-0.472030864055,0.000627369012,0.000166970507,0.964335478750,0.472030864055,0.504745742426,-0.145884651260,-0.005062950963,-0.000517816883,0.970556042615
0.858061484626,1711.623619776330,24.234246098275,0.001114789152,0.009627680951,-0.470225547029,0.000622573776,0.000158101799,0.955398016652,0.470225547029,0.501679911355,-0.141814876629,-0.005082303345,-0.000497616440,0.963651737518
0.862148986509,1719.777190230500,24.243214339247,0.001085071672,0.009790625672,-0.468475615128,0.000617911638,0.000149469056,0.946662488499,0.468475615128,0.498668954714,-0.137744501346,-0.005095300801,-0.000475625685,0.956903529171
0.866238837699,1727.935446979840,24.251945500853,0.001055335150,0.009961468647,-0.466780283653,0.000613397900,0.000141068156,0.938126375393,0.466780283653,0.495719282641,-0.133669038536,-0.005108494205,-0.000452571198,0.950312970844
0.870330968495,1736.098250988410,24.260437644401,0.001025340552,0.010137985577,-0.465138786586,0.000609030302,0.000132863629,0.929774596718,0.465138786586,0.492840110101,-0.129583715324,-0.005126471192,-0.000431947662,0.943876746702
0.874425309158,1744.265463142710,24.268689602098,0.000995461119,0.010318237579,-0.463550734320,0.000604829485,0.000124903122,0.921597952506,0.463550734320,0.490032386189,-0.125484880084,-0.005146647995,-0.000415155261,0.937590536508
0.878521789911,1752.436944254160,24.276702556142,0.000965731481,0.010500953023,-0.462015619733,0.000600766063,0.000117195204,0.913606800086,0.462015619733,0.487291384972,-0.121374398480,-0.005161406100,-0.000399359933,0.931456902396
0.882620340939,1760.612555061410,24.284475623063,0.000935723984,0.010684032132,-0.460532463652,0.000596820916,0.000109694726,0.905816163570,0.460532463652,0.484622688597,-0.117256624194,-0.005161276060,-0.000383116291,0.925485657910
0.886720892394,1768.792156232720,24.292005305277,0.000905311130,0.010864623803,-0.459100124395,0.000592971551,0.000102393798,0.898235867339,0.459100124395,0.482032383802,-0.113134735006,-0.005135029303,-0.000366923882,0.919684187768
0.890823374393,1776.975608368380,24.299288647515,0.000874704166,0.011039519559,-0.457717641651,0.000589274502,0.000095321456,0.890867063386,0.457717641651,0.479525209341,-0.109010301155,-0.005084465870,-0.000352099191,0.914054957189
0.894927717020,1785.162772003000,24.306325180321,0.000844263236,0.011205920643,-0.456384461113,0.000585724251,0.000088519791,0.883719322779,0.456384461113,0.477108338765,-0.104884435720,-0.005023906904,-0.000338729658,0.908606061328
0.899033850326,1793.353507607990,24.313115981964,0.000813850641,0.011363166863,-0.455100747416,0.000582293675,0.000081977979,0.876803573426,0.455100747416,0.474786073022,-0.100759449611,-0.004963139485,-0.000324356686,0.903345196932
0.903141704334,1801.547675593840,24.319658060619,0.000782760377,0.011512693754,-0.453867323199,0.000578992461,0.000075625686,0.870127814211,0.453867323199,0.472551759293,-0.096636263694,-0.004906905734,-0.000307936393,0.898273448352
0.907251209037,1809.745136312570,24.325944216370,0.000750815827,0.011655982074,-0.452685286254,0.000575829232,0.000069450160,0.863697525242,0.452685286254,0.470393842424,-0.092516129902,-0.004857103669,-0.000293066706,0.893388326960
0.911362294398,1817.945750060070,24.331969123172,0.000718572435,0.011793930713,-0.451555625628,0.000572822726,0.000063512043,0.857514348317,0.451555625628,0.468305926880,-0.088399417566,-0.004809446665,-0.000281719435,0.888687950412
0.915474890355,1826.149377078520,24.337732184997,0.000686435756,0.011927394578,-0.450478657474,0.000570002143,0.000057849925,0.851576593170,0.450478657474,0.466294727530,-0.084284070252,-0.004760539060,-0.000272955134,0.884174989087
0.919588926820,1834.355877558720,24.343232726908,0.000654018436,0.012056222011,-0.449453860669,0.000567286701,0.000052430895,0.845890135883,0.449453860669,0.464370181791,-0.080168704368,-0.004717724756,-0.000263599637,0.879857089171
0.923704333679,1842.565111642510,24.348467597668,0.000621346075,0.012179021790,-0.448480479874,0.000564651713,0.000047259524,0.840468740802,0.448480479874,0.462524163002,-0.076055482399,-0.004688943876,-0.000251457095,0.875736691839
0.927821040797,1850.776939425140,24.353435765788,0.000588622371,0.012294813131,-0.447558014888,0.000562151974,0.000042353663,0.835308638247,0.447558014888,0.460752644554,-0.071946117730,-0.004674751618,-0.000236321177,0.871809648844
0.931938978015,1858.991220957650,24.358135397594,0.000555587905,0.012404471917,-0.446686477500,0.000559814193,0.000037697064,0.830406176412,0.446686477500,0.459064191404,-0.067839353936,-0.004664396653,-0.000220625749,0.868078422658
0.936058075154,1867.207816249290,24.362564209717,0.000522440169,0.012510187090,-0.445866538631,0.000557585091,0.000033304338,0.825770391745,0.445866538631,0.457468531823,-0.063731466268,-0.004646904385,-0.000206670992,0.864552731100
0.940178262014,1875.426585269840,24.366722060499,0.000489357649,0.012614469957,-0.445099372290,0.000555526311,0.000029186350,0.821400630109,0.445099372290,0.455970184498,-0.059619305761,-0.004622633303,-0.000194383440,0.861235093449
0.944299468378,1883.647387952070,24.370608747345,0.000456180838,0.012719117433,-0.444386145637,0.000553623214,0.000025332924,0.817293090342,0.444386145637,0.454571980483,-0.055503641145,-0.004597356229,-0.000183842616,0.858125608231
0.948421624010,1891.870084194070,24.374222148662,0.000422611907,0.012824394090,-0.443727440517,0.000551857884,0.000021731301,0.813453719877,0.443727440517,0.453271187002,-0.051386035168,-0.004577417027,-0.000176968029,0.855226173698
0.952544658660,1900.094533861660,24.377557843391,0.000388476562,0.012929786044,-0.443123192989,0.000550230496,0.000018378179,0.809892195400,0.443123192989,0.452065085070,-0.047267500088,-0.004569939729,-0.000174531729,0.852540236730
0.956668502061,1908.320596790780,24.380612373988,0.000354208270,0.013034346537,-0.442573077841,0.000548683383,0.000015298279,0.806619100021,0.442573077841,0.450954087676,-0.043148246289,-0.004574075100,-0.000173030746,0.850073132769
0.960793083933,1916.548132789890,24.383386878823,0.000320292017,0.013136225020,-0.442076958751,0.000547267823,0.000012511313,0.803632244835,0.442076958751,0.449936986518,-0.039026209075,-0.004581412609,-0.000171767374,0.847823095052
0.964918333984,1924.777001642330,24.385883210205,0.000286376587,0.013232935505,-0.441635155723,0.000546030291,0.000010001978,0.800921940261,0.441635155723,0.449013042618,-0.034900136473,-0.004589588040,-0.000170034663,0.845785069301
0.969044181909,1933.007063108720,24.388099040586,0.000252037990,0.013322223916,-0.441247957556,0.000544942867,0.000007761929,0.798486905651,0.441247957556,0.448186191248,-0.030771177558,-0.004600107388,-0.000163864353,0.843960527228
0.973170557395,1941.238176929380,24.390031928191,0.000217658298,0.013402501657,-0.440915037637,0.000544002075,0.000005809039,0.796341016679,0.440915037637,0.447460069607,-0.026642294136,-0.004613175366,-0.000149048758,0.842358061962
0.977297390117,1949.470202826660,24.391683235576,0.000183577902,0.013473652391,-0.440635260724,0.000543150145,0.000004153436,0.794498609489,0.440635260724,0.446840341654,-0.022518393494,-0.004624679325,-0.000127366713,0.840987105933
0.981424609746,1957.703000507400,24.393055088293,0.000149733669,0.013536382176,-0.440406902072,0.000542435888,0.000002789371,0.792963945338,0.440406902072,0.446326490981,-0.018403498172,-0.004632239380,-0.000104893327,0.839848669195
0.985552145943,1965.936429665260,24.394150037371,0.000116342764,0.013589780098,-0.440228051182,0.000541905020,0.000001712900,0.791736200146,0.440228051182,0.445915954471,-0.014299790439,-0.004636187643,-0.000082749322,0.838940102899
0.989679928366,1974.170349983160,24.394972224620,0.000083394503,0.013631582487,-0.440096758960,0.000541472417,0.000000915613,0.790811705443,0.440096758960,0.445611053213,-0.010206318582,-0.004638430806,-0.000059708564,0.838259758808
0.993807886668,1982.404621135640,24.395522932684,0.000050298263,0.013659688567,-0.440011004492,0.000541144105,0.000000385083,0.790187082912,0.440011004492,0.445412213460,-0.006120673666,-0.004640964529,-0.000036688839,0.837805150432
0.997935950497,1990.639102791250,24.395799454188,0.000016814377,0.013673457062,-0.439968817675,0.000540981673,0.000000117620,0.789867824944,0.439968817675,0.445314437065,-0.002039765120,-0.004642805554,-0.000012717868,0.837575539842
